geno,pop
Progeny1,AxB
Progeny2,AxB
Progeny3,AxB
Progeny4,AxB
Progeny5,AxB
Progeny6,AxB
Progeny7,AxB
Progeny8,AxB
Progeny9,AxB
Progeny10,AxB
Progeny11,AxB
Progeny12,AxB
Progeny13,AxB
Progeny14,AxB
Progeny15,AxB
Progeny16,AxB
Progeny17,AxB
Progeny18,AxB
Progeny19,AxB
Progeny20,AxB
Progeny21,AxB
Progeny22,AxB
Progeny23,AxB
Progeny24,AxB
Progeny25,AxB
Progeny26,AxB
Progeny27,AxB
Progeny28,AxB
Progeny29,AxB
Progeny30,AxB
Progeny31,AxB
Progeny32,AxB
Progeny33,AxB
Progeny34,AxB
Progeny35,AxB
Progeny36,AxB
Progeny37,AxB
Progeny38,AxB
Progeny39,AxB
Progeny40,AxB
Progeny41,AxB
Progeny42,AxB
Progeny43,AxB
Progeny44,AxB
Progeny45,AxB
Progeny46,AxB
Progeny47,AxB
Progeny48,AxB
Progeny49,AxB
Progeny50,AxB
Progeny51,AxB
Progeny52,AxB
Progeny53,AxB
Progeny54,AxB
Progeny55,AxB
Progeny56,AxB
Progeny57,AxB
Progeny58,AxB
Progeny59,AxB
Progeny60,AxB
Progeny61,AxB
Progeny62,AxB
Progeny63,AxB
Progeny64,AxB
Progeny65,AxB
Progeny66,AxB
Progeny67,AxB
Progeny68,AxB
Progeny69,AxB
Progeny70,AxB
Progeny71,AxB
Progeny72,AxB
Progeny73,AxB
Progeny74,AxB
Progeny75,AxB
Progeny76,AxB
Progeny77,AxB
Progeny78,AxB
Progeny79,AxB
Progeny80,AxB
Progeny81,AxB
Progeny82,AxB
Progeny83,AxB
Progeny84,AxB
Progeny85,AxB
Progeny86,AxB
Progeny87,AxB
Progeny88,AxB
Progeny89,AxB
Progeny90,AxB
Progeny91,AxB
Progeny92,AxB
Progeny93,AxB
Progeny94,AxB
Progeny95,AxB
Progeny96,AxB
Progeny97,AxB
Progeny98,AxB
Progeny99,AxB
Progeny100,AxB
Progeny101,AxC
Progeny102,AxC
Progeny103,AxC
Progeny104,AxC
Progeny105,AxC
Progeny106,AxC
Progeny107,AxC
Progeny108,AxC
Progeny109,AxC
Progeny110,AxC
Progeny111,AxC
Progeny112,AxC
Progeny113,AxC
Progeny114,AxC
Progeny115,AxC
Progeny116,AxC
Progeny117,AxC
Progeny118,AxC
Progeny119,AxC
Progeny120,AxC
Progeny121,AxC
Progeny122,AxC
Progeny123,AxC
Progeny124,AxC
Progeny125,AxC
Progeny126,AxC
Progeny127,AxC
Progeny128,AxC
Progeny129,AxC
Progeny130,AxC
Progeny131,AxC
Progeny132,AxC
Progeny133,AxC
Progeny134,AxC
Progeny135,AxC
Progeny136,AxC
Progeny137,AxC
Progeny138,AxC
Progeny139,AxC
Progeny140,AxC
Progeny141,AxC
Progeny142,AxC
Progeny143,AxC
Progeny144,AxC
Progeny145,AxC
Progeny146,AxC
Progeny147,AxC
Progeny148,AxC
Progeny149,AxC
Progeny150,AxC
Progeny151,AxC
Progeny152,AxC
Progeny153,AxC
Progeny154,AxC
Progeny155,AxC
Progeny156,AxC
Progeny157,AxC
Progeny158,AxC
Progeny159,AxC
Progeny160,AxC
Progeny161,AxC
Progeny162,AxC
Progeny163,AxC
Progeny164,AxC
Progeny165,AxC
Progeny166,AxC
Progeny167,AxC
Progeny168,AxC
Progeny169,AxC
Progeny170,AxC
Progeny171,AxC
Progeny172,AxC
Progeny173,AxC
Progeny174,AxC
Progeny175,AxC
Progeny176,AxC
Progeny177,AxC
Progeny178,AxC
Progeny179,AxC
Progeny180,AxC
Progeny181,AxC
Progeny182,AxC
Progeny183,AxC
Progeny184,AxC
Progeny185,AxC
Progeny186,AxC
Progeny187,AxC
Progeny188,AxC
Progeny189,AxC
Progeny190,AxC
Progeny191,AxC
Progeny192,AxC
Progeny193,AxC
Progeny194,AxC
Progeny195,AxC
Progeny196,AxC
Progeny197,AxC
Progeny198,AxC
Progeny199,AxC
Progeny200,AxC
Progeny201,BxC
Progeny202,BxC
Progeny203,BxC
Progeny204,BxC
Progeny205,BxC
Progeny206,BxC
Progeny207,BxC
Progeny208,BxC
Progeny209,BxC
Progeny210,BxC
Progeny211,BxC
Progeny212,BxC
Progeny213,BxC
Progeny214,BxC
Progeny215,BxC
Progeny216,BxC
Progeny217,BxC
Progeny218,BxC
Progeny219,BxC
Progeny220,BxC
Progeny221,BxC
Progeny222,BxC
Progeny223,BxC
Progeny224,BxC
Progeny225,BxC
Progeny226,BxC
Progeny227,BxC
Progeny228,BxC
Progeny229,BxC
Progeny230,BxC
Progeny231,BxC
Progeny232,BxC
Progeny233,BxC
Progeny234,BxC
Progeny235,BxC
Progeny236,BxC
Progeny237,BxC
Progeny238,BxC
Progeny239,BxC
Progeny240,BxC
Progeny241,BxC
Progeny242,BxC
Progeny243,BxC
Progeny244,BxC
Progeny245,BxC
Progeny246,BxC
Progeny247,BxC
Progeny248,BxC
Progeny249,BxC
Progeny250,BxC
Progeny251,BxC
Progeny252,BxC
Progeny253,BxC
Progeny254,BxC
Progeny255,BxC
Progeny256,BxC
Progeny257,BxC
Progeny258,BxC
Progeny259,BxC
Progeny260,BxC
Progeny261,BxC
Progeny262,BxC
Progeny263,BxC
Progeny264,BxC
Progeny265,BxC
Progeny266,BxC
Progeny267,BxC
Progeny268,BxC
Progeny269,BxC
Progeny270,BxC
Progeny271,BxC
Progeny272,BxC
Progeny273,BxC
Progeny274,BxC
Progeny275,BxC
Progeny276,BxC
Progeny277,BxC
Progeny278,BxC
Progeny279,BxC
Progeny280,BxC
Progeny281,BxC
Progeny282,BxC
Progeny283,BxC
Progeny284,BxC
Progeny285,BxC
Progeny286,BxC
Progeny287,BxC
Progeny288,BxC
Progeny289,BxC
Progeny290,BxC
Progeny291,BxC
Progeny292,BxC
Progeny293,BxC
Progeny294,BxC
Progeny295,BxC
Progeny296,BxC
Progeny297,BxC
Progeny298,BxC
Progeny299,BxC
Progeny300,BxC
